{
  "gentle-initial-minimal": [
    {
      "variant": "You\u2019re allowed to begin softly. One breath is enough.",
      "avg": 5.0,
      "total": 2
    },
    {
      "variant": "Just pause. That alone counts.",
      "avg": 4.0,
      "total": 1
    },
    {
      "variant": "Let the rhythm begin with ease.",
      "avg": 3.0,
      "total": 1
    }
  ],
  "directive-final-challenge": [
    {
      "variant": "End strong. Go dark. No hesitation.",
      "avg": 5.0,
      "total": 1
    },
    {
      "variant": "Final push. All in.",
      "avg": 4.0,
      "total": 1
    }
  ]
}