{
  "generatedAt": "2025-04-12T20:19:38.860574",
  "summary": [
    {
      "group": "gentle-initial-minimal",
      "topVariant": "You\u2019re allowed to begin softly. One breath is enough.",
      "avg": 4.9,
      "total": 11
    },
    {
      "group": "motivated-middle-normal",
      "topVariant": "Keep going. You\u2019re becoming stronger.",
      "avg": 4.7,
      "total": 8
    },
    {
      "group": "directive-final-challenge",
      "topVariant": "End strong. Go dark. No hesitation.",
      "avg": 4.5,
      "total": 10
    }
  ]
}